,,,,,,,
提問人,類別,問題 (keywords請幫我標紅字),Mapping到的tag (請參考tag列表第C列),答案,修改方向(上次的修改建議),,
LI HSIN HSIEH,其他,最近NVIDIA好像很紅，他是什麼?,NVIDIA,"你問到超熱門的話題！最近 NVIDIA 真的很紅，股價也一直在漲，很多人都在關注他們的動向！

如果你想更了解 NVIDIA ，以下這些 Podcast 蠻值得聽聽的：

1. 科技島讀 Tech Island：（Podcast名稱）

2. 財報狗：（Podcast名稱）

3.（頻道名稱）：（Podcast名稱）

可以邊聽邊了解，也許就能跟上這波科技浪潮囉！🚀",,,
Ashley,其他,你可以推薦幾個適合上班族放鬆聽的節目嗎？,,"當然可以！這邊有幾個適合下班後放鬆心情的 Podcast 節目，內容輕鬆有趣，可以讓你暫時遠離工作壓力：

1.那些你不敢跟老闆說的事：用幽默聊職場日常，聽完保證心情好一點

2.深夜馬戲團：像朋友深夜聊天一樣的陪伴系節目

3.好味小姐開束縛我：日常閒聊＋生活觀察，很適合邊做家事邊聽

有興趣的話可以點來聽聽，讓耳朵和腦袋都輕鬆一下 😊",簡單/入手/,,
Ashley,其他,有沒有每日／每週推薦清單？,,"有的！我們會不定期整理一些主題清單，以下是最新一期的週推薦：

📅 本週主題：《時間管理與工作效率》

1.大人的Small Talk：掌握專注力，才能掌握人生節奏

2.閱讀前哨站：用系統化思維打破瞎忙人生

3.生鮮時書：3個方法讓你一週多出10小時

如果你有特別想聽的主題，也可以告訴我，我幫你找看看！",建立另外一個基於網頁功能的問題列表,, 
Ashley,其他,有適合睡前聽的放鬆 podcast 嗎？,,"當然有，這邊是幾個睡前超推薦的 podcast，聲音溫柔、節奏舒緩，非常適合放鬆心情入眠：

1.晚安點點名：用溫暖故事和碎念陪你結束一天

2故事FM：真實人生的靜靜傾聽，適合睡前聆聽

3.心靈蜜豆奶：每天3分鐘的正能量暖語，助眠又療癒

放輕鬆戴上耳機，讓這些聲音陪你一起慢慢進入夢鄉 😴✨",放鬆,,
白白,其他,想問如果我想知道一些英文時事有哪些頻道推薦嗎?,,"好問題～Podri 幫你精選了 3 個學英文又能掌握國際觀的 Podcast：

🎧《CNN 10》：每日 10 分鐘的英文新聞摘要

🎧《The Daily by NYT》：深入單一新聞主題，有深度又訓練聽力

🎧《BBC Global News Podcast》：全球時事一網打盡

🌍 想跟世界接軌，這三個頻道絕對不能錯過！
","時事=本周/本日/今日/近期
列出時間相關的關鍵字，產出清單讓rag進行篩選(六月、今年、最近、這個禮拜)",,
Ashley,其他,我在通勤時間（約 30 分鐘）想聽點有趣的內容，有推薦嗎？,有趣,"🚌 通勤時間正是 podcast 上場的時刻！這幾個節目不長又有趣，讓你在車上也能吸收知識或放鬆一下：

🗞 百靈果 News：時事 + 幽默評論，讓你邊笑邊長知識

😂 台灣通勤第一品牌：超有梗的嘴砲系節目，通勤絕配

🎧 故事 FM：真實人生故事，每集都像聽短劇

讓耳朵有趣，時間也過得更快 😆","關鍵字:30分鐘
時間、摘要",,
Ashley,其他,我不想太燒腦，只想輕鬆聽人聊天或故事分享，有推薦嗎？,輕鬆學習啟發,"😌 當然有！有時候就是想有人陪你說說話、聽個故事，這些 podcast 很適合邊放空邊聽：

🛋 台灣通勤第一品牌：超輕鬆生活嘴砲系節目

📬 馬克信箱：讀聽眾信、聊人生煩惱，溫暖又真實

🎙 故事 FM：聽真實人生，有時感人、有時驚喜

戴上耳機就像有朋友陪你聊天 ☕️🎧","放鬆/輕鬆/不要太燒腦/背景/無腦
我找不到合適的，但你可以試試看我們的每日推薦:",,
LI HSIN HSIEH,其他,最近NVIDIA好像很紅，他是什麼?,,"你問到超熱門的話題！最近 NVIDIA 真的很紅，股價也一直在漲，很多人都在關注他們的動向！

如果你想更了解 NVIDIA ，以下這些 Podcast 蠻值得聽聽的：

1. 科技島讀 Tech Island：（Podcast名稱）

2. 財報狗：（Podcast名稱）

3.（頻道名稱）：（Podcast名稱）

可以邊聽邊了解，也許就能跟上這波科技浪潮囉！🚀",確認如果問題涵蓋多個類別如何處理?,,
泡沫栗鼠,其他,同事上班都在聊台通的podcast，那是什麼啊?,,"以下節目有提及「台通」：
1.（頻道名稱）：（Podcast名稱）

2.（頻道名稱）：（Podcast名稱）

3.（頻道名稱）：（Podcast名稱）
希望我的推薦能幫你了解「台通」是什麼喔！",以下集數有提到台通，推薦你以下集數，你可以去聽看看了解一下,,
泡沫栗鼠,教育,"我是大學剛畢業的人，
我想知道初入職場要注意什麼？",初入職場,"恭喜你迎來人生的新階段🧑‍🎓
以下集數有提及很多「職場初體驗」相關的內容：
1.（頻道名稱）：（Podcast名稱）

2.（頻道名稱）：（Podcast名稱）

3.（頻道名稱）：（Podcast名稱）
希望這些節目能幫你做好進入職場的準備😉",,,
泡沫栗鼠,其他,台灣現在最紅的podcast頻道是哪幾個啊?,,"這是個很好的問題！我會根據Apple Podcast近期的榜單推薦你幾個熱門Podcast頻道，
1.（頻道名稱）：（Podcast名稱）

2.（頻道名稱）：（Podcast名稱）

3.（頻道名稱）：（Podcast名稱）
這三個頻道都有非常多的粉絲，閒暇時間可以試聽看看喔😄",寫死並引導到每日推薦或是熱門排行,,
Yu-Xin Lan,其他,我好無聊能隨便推薦我一個頻道嗎?,,"「無聊時來點聲音驚喜，隨機挑選以下頻道試試：」

（頻道名稱）：（Podcast 名稱）

（頻道名稱）：（Podcast 名稱）

（頻道名稱）：（Podcast 名稱）
「希望隨機驚喜點亮你的日常！🎲」","隨機 隨便 有id就進行個人畫推薦, 沒id就引導到每日推間或熱門排行",,
Yu-Xin Lan,其他,有適合當背景播放的podcast嗎?,,"「需要專注或放鬆？這些輕量節目是完美 BGM：」

（頻道名稱）：（Podcast 名稱）

（頻道名稱）：（Podcast 名稱）

（頻道名稱）：（Podcast 名稱）
「輕鬆的聲音陪伴，讓每個時刻都更有氛圍！🎧」",,,
Yu-Xin Lan,其他,我不想被AI取代，能幫我嗎?,,"「與其害怕被取代，不如先升級自己！先從這些節目開始：」

（頻道名稱）：（Podcast 名稱）

（頻道名稱）：（Podcast 名稱）

（頻道名稱）：（Podcast 名稱）
「持續學習＋跨領域技能，讓 AI 成為你的助力而不是威脅！💪」",寫死,,
白白,商業,我想要詢問一下最近川普相關的PodCast?,,"嗨嗨👋 想了解「川普」最近又做了什麼嗎？以下是 3 集近期有提到他的重要節目：

🎧《全球串連早安新聞》第 855 集：〈川普造勢會爆場！對拜登意味著什麼？〉

🎧《轉角國際重磅廣播》第 194 集：〈川普 vs 拜登，誰在選前攻防中領先？〉

🎧《BBC News 中文》週報：〈川普官司進展與共和黨選情解析〉

👉 想深入美國政治局勢，這三集都很值得聽！

",,,
白白,商業,我如果是小白我該如何入手?,,修改為：你想要聆聽商業還是教育呢,,,
白白,商業,我記得癌大有一集在分享兒子學講話部分請問是哪一集?,,修改為： 我找到以下集數有提到他兒子，你可以去聽看看是否是你要的集數,"作者要另外做一個同義詞列表
對於情境Podri無法分辨
",,
白白,商業,我今天想要聽美股相關 我該聽什麼? ,,"以下是與「美股」相關的 3 個 Apple Podcast 節目推薦：
🎧《股癌》第 732 集：
👉 AI 概念股回檔，值得進場嗎？
本集探討美股中 AI 概念股近期走勢，並分析聯準會的政策動向。

🎧《美股投資學》第 105 集：
👉 2025 投資布局
邀請資深分析師解析 2025 美國市場趨勢與產業投資策略。

🎧《全球串連早安新聞》第 612 集：
👉 美股科技股財報分析
從新聞角度剖析 Meta、Nvidia 等美股科技股的最新財報內容。
",同頻道 同tag 推最新集數,,
Ashley,商業,我想知道 科技產業 / 新創公司 的趨勢，有什麼推薦？,產業趨勢,"💻 如果你想了解科技與創新世界，這幾個 podcast 就像是幫你打開全球趨勢的雷達📡：

📊 科技島讀：用簡單方式說明複雜趨勢，乾貨滿滿

🔗 區塊勢：專注區塊鏈與 Web3 發展，一聽就懂

🌍 矽谷輕鬆談：用台灣觀點觀察矽谷現場

追上世界腳步，不用打開報告書 😎✨",,,
Ashley,商業,想從 podcast 學習 如何創業或做副業，該聽哪些？,創業建議/副業,"🚀 想創業或搞副業，這幾個節目都超實用，而且是來自創業者的真心話分享：

🧠 不正常愛情研究中心：除了戀愛，也談副業、創業與人生選擇

🎙 電扶梯旁的扶桑花：一人創業真實紀錄，誠懇又寫實

🏗 創業小劇場：從0到1的經驗，少踩坑多啟發！

有夢就要開始行動，讓他們陪你一起走 💪💡",,,
Ashley,商業,我想學習投資觀念，有新手節目推薦嗎？,投機交易,"💰 想學理財不用從厚厚書本開始，這些 podcast 用淺顯易懂的方式帶你入門：

📈 敏迪選讀｜投資篇：用故事解釋財經，超容易吸收

🧾 寶可孟的理財小劇場：從日常理財到資產配置都講到

🐻 股癌：幽默又犀利，帶你理解股市邏輯與投資風險

每一集都是理財的第一步，越聽越有 sense 🧠✨
",,,
JEAN CHIAO,商業,我想利用通勤時間學習投資，但對股市不熟，有沒有推薦節目？,,"我剛好找到幾集很適合初學者的 Podcast，幫你建立投資基礎：

Gooaye 股癌：分析台股基本面與個股機會，講解深入淺出 
podcasts.apple.com

游庭皓的財經皓角：每日開盤前30分鐘快速掌握當日市場脈動

兆華與股惑仔：以對話方式拆解投資觀念，帶點趣味又實用 
podcasts.apple.com

通勤時間聽一集，能幫你建立理財信心與基本技巧 📈","提到通勤相關的關鍵字
純通勤：找15分鐘以下的
有其他關鍵字：關鍵字找完集數後推薦最短的",,
JEAN CHIAO,商業,我希望達到財務自由，要從哪裡開始學？,,"財務自由是一條長期路，先從這幾集 Podcast 入門學習：

股癌 Gooaye：資產配置的觀念比買哪一檔更重要

財女珍妮的美股投資學：建立被動收入的五種方式

下班經濟學：用小錢練習「資本思維」

每天通勤學一點，未來你會謝謝現在認真的自己 💰",,,
JEAN CHIAO,商業,我想學基本理財知識，例如資產配置、保險、基金入門，推薦什麼？,,"這三個節目對於理財新手或中階族群非常實用：

下班經濟學：用生活化對話講解理財觀念、保險與基金

兆華與股惑仔：深入分析投資邏輯與心理，適合進階學習

Gooaye 股癌：實戰型個股與產業分析，適合逐步建立投資信心

透過通勤時間循序漸進累積理財能力，讓未來更穩健 📈",,,
JEAN CHIAO,商業,最近想重整自己的思考方式與工作態度，哪集適合上班族聽？,,"這些節目兼具思辨與自我成長，推薦給你：

吳淡如人生實用商學院：涵蓋人生哲學與商業思維，啟發你對自己下一步的認知

下班經濟學：用輕鬆角度引導你發現生活與職場的連結

兆華與股惑仔：對談式風格，帶領你看見商業議題中的思辨與洞察

適合在通勤時段放空大腦，也能被激發出新的思維火花 💡",,,
JEAN CHIAO,商業,我想知道美股最新動態與全球市場變化適合聽什麼？,,"以下節目聚焦國際市場與美股走勢，適合通勤時聽：

1. 美股投資學‑財女珍妮：專注美股基本面與投資策略剖析  
2. 游庭皓的財經皓角：連結美股與台股，提供多元市場觀察  
3. 財經一路發：快速串連國際與台股重要財經事件  

聽完這些，就算在通勤，也能對全球金融有清晰感知 🌍",,,
泡沫栗鼠,商業,我聽同事說最近川普好像在亂搞台積電，有相關的podcast可以聽嗎?,川普、台積電,"你說的可能是「晶片關稅」與「台積電設廠美國」的相關新聞，
我已幫你篩選出以下三集podcast：
1.（頻道名稱）：（Podcast名稱）

2.（頻道名稱）：（Podcast名稱）

3.（頻道名稱）：（Podcast名稱）
透過這些節目，你可以更快了解「川普」和「台積電」的相關時事，跟上同事間的話題呦✨",,,
泡沫栗鼠,商業,"我對投資的那些專有名詞一竅不通，
有沒有什麼適合新手學習的投資相關知識頻道啊",投資,"投資學問深似海，以下頻道是我篩選出適合新手聆聽的投資知識頻道：
1.（頻道名稱）：（Podcast名稱）

2.（頻道名稱）：（Podcast名稱）

3.（頻道名稱）：（Podcast名稱）
等你對投資有更多認識，可以再來跟我說你想聽什麼內容的podcast呦！",寫死,,
Yu-Xin Lan,商業,最近AI在紅甚麼? 能推薦我相關的podcast嗎?,AI熱潮,"「跟上 AI 浪潮不落人後！我找到幾檔節目能快速補血最新趨勢：」

1. Gooaye 股癌：EP554〈AI 伺服器趨勢、台幣升值與股市策略〉

2. 下班經濟學：EP540〈中國 DeepSeek 逆襲全球 AI 市場？能取代 ChatGPT？〉

3. 倒數36個月－投資與人才戰爭：EP001〈AI 智慧工廠的天時地利人和即將到來？〉
「希望這些節目讓你輕鬆掌握 AI 新動態，邊聽邊升級！🤖」",依照query排序結果做推薦,,
Yu-Xin Lan,商業,什麼是ETF? 有推薦頻道嗎?,ETF,"「ETF 投資門檻低又多元，先用耳朵搞懂再下手最安心：」

1. 財經一路發：〈用高股息 ETF 玩轉配息〉

2. 兆華與阿格力-有求必應：〈EP143｜主動式 ETF 密集掛牌，會否重演高股息之亂？〉

3. 下班經濟學：〈股市崩盤買 ETF 撿刀？還是撿便宜？〉
「祝你 ETF 投資之路順風順水，資產穩健成長！📈」",,,
Yu-Xin Lan,商業,我想知道近期有投資潛力的產業有哪些?,,"「掌握產業脈動才能抓住成長股，以下節目幫你快速掃描：」

（頻道名稱）：（Podcast 名稱）

（頻道名稱）：（Podcast 名稱）

（頻道名稱）：（Podcast 名稱）
「願你投資眼光精準，下個十倍股就是你的！🚀」",近期找關鍵字,,
Yu-Xin Lan,商業,台積電現在可以買嗎?,台積電,"「科技巨頭布局要看產業週期，先聽聽專家怎麼說：」

1. 游庭皓的財經皓角：2025/6/11(三)〈美中談判順利，標普逼史高——台積電能站穩千元嗎？〉

2. 兆華與股惑仔：EP866〈台積電休息，重電・能源・散熱接棒！配息左手換右手？〉

3. 財經一路發：〈台積電股東會揭示的潛力股〉
「聽完再評估自己的風險與目標，祝你投資順利！💡」",現在 > 最近出現台積電趨勢相關的podcast有下列,,
Yu-Xin Lan,商業,有沒有類似吳淡如的podcast可以聽?,,"「如果喜歡吳淡如的生活理財風格，以下頻道口碑不錯：」

（頻道名稱）：（Podcast 名稱）

（頻道名稱）：（Podcast 名稱）

（頻道名稱）：（Podcast 名稱）
「希望這些節目帶來同樣溫暖又務實的收穫！🌸」",結果0 web serch,,
Yu-Xin Lan,商業,我想快速知道這周的台股相關新聞，有那些頻道?,台股,"「台股大小事一耳打盡，以下節目更新頻率高又精準：」

1. 游庭皓的財經皓角：2025/6/17〈台幣再創高台股還能漲？關稅戰未完科技戰登場？〉

2. Gooaye 股癌：EP565〈出門在外總得被埋個幾次〉

3. 財經一路發：〈台積電貼息！台股會破 2 萬點嗎？〉2025.06.12
「祝你掌握市場脈動，投資決策更到位！📰」",,,
(範例) 理心,教育,我最近工作得不到成就感，有點想辭職了，我需要一點建議,離職、成就感,"我剛好找到幾集蠻不錯的 Podcast，談到相關的話題，分享給你參考：

1. 大人的Small Talk：喜歡的工作不是等來的，你必須先證明自己的能力

2. 大人學：EP564 我該離職還是堅持下去？別再糾結！建立目標思維，幫你走出迷惘的職涯困境

3.（頻道名稱）：（Podcast名稱）

有興趣的話可以點進去聽聽，也許能給你一些靈感或勇氣！😊",,,
Ashley,教育,有沒有適合學英文的 podcast？,,"有的！這邊是幾個對英文學習者很友善的 podcast，從生活情境到語感訓練都有：

1.BBC Learning English – 6 Minute English：每天6分鐘，學習自然道地的英語對話

2.All Ears English：專門為非母語者設計，實用又有趣

3.通勤學英語：中文解說＋英語例句，適合通勤邊學習

不論你是初學者還是想加強聽力，都可以挑一個喜歡的風格來試試！",寫死一個回答,,
白白,教育,請問如果我想要斜槓的話應該從哪裡有相關可以參考?,,"太棒了！斜槓就是人生的第二條曲線 ✨ Podri 推薦以下 3 個適合入門的節目：

🎧《大人學》第 210 集：〈如何開始斜槓？先從這 3 步開始〉

🎧《斜槓先修班》第 52 集：〈邊工作邊接案，到底該怎麼做？〉

🎧《人生研究所》第 18 集：〈斜槓是自由還是焦慮？〉

📌 小提醒：不要一開始就接太多，先聚焦興趣＋專業會更順！
",,,
白白,教育,我想要自我提升我可以聽什麼？,,"讚啦～Podri 最喜歡幫助大家成長啦 🌱 以下是三個超推的自我成長節目：

🎧《大人學》：從思考力到職涯成長都很實用

🎧《好好說話 GoodTalk》：練習說話、表達、自信大提升

🎧《下一本讀什麼》：快速吸收一本書的精華

📚 每天聽一點，長期就會變超強！",,,
白白,教育,我要如何增進我的語言能力?,,"語言要自然吸收 📣 以下是三個超實用的頻道：

🎧《BBC Learning English》：用英語學時事，每集短短幾分鐘

🎧《All Ears English》：口語英語對話式學習，輕鬆有趣

🎧《通勤學英語》：每天上下班路上練英文，超方便！

💡Podri 小技巧：聽一邊同時跟讀效果更棒喔！
",寫死,,
白白,教育,我最近聽朋友推薦大人學 你有什麼必聽的集數嗎？,,"修改成推薦最新集數：

🎧 第 189 集：〈面對人生低谷，你該做什麼？〉

🎧 第 203 集：〈為什麼你需要一份備案職涯？〉

🎧 第 225 集：〈為什麼有些人會一直輸在選擇上？〉

💡 每一集都讓人邊聽邊反思，成長感十足！
",寫死,,
白白,教育,可以快速總結一下 股癌 第700集的摘要嗎？,,"以下是《股癌》第 700 集的快速摘要👇：

📌 主題：從 700 集回顧市場與個人轉變

股癌開場分享錄到 700 集的心路歷程，並回顧當初錄節目的初衷。

本集談到近期美股與台股的投資氣氛，包括 AI 類股的漲跌與 FOMC 會議影響。

他提醒投資人不要盲從市場熱點，要有紀律與自己的投資邏輯。

也聊到個人生活變化，例如小孩成長帶來的新視角。

👉 點此收聽 Apple Podcast 第 700 集
📅 發布日期：2024 年 5 月 12 日（範例）
",,,
Ashley,教育,有沒有談職場溝通技巧的節目？,,"📣 當然有！職場溝通是很多人關心又不敢說的難題，這些 podcast 用故事或實戰經驗來幫助你提升人際力：

🎤 佐編茶水間：用實例教你怎麼應對主管與同事

💼 職涯診所：深入討論衝突處理與辦公室文化

☕️ 職場人陪你開會啦：像朋友聊天一樣分享工作心情

一起練習說話的藝術，讓你的職場路走得更順利！✨",,,
LI HSIN HSIEH,教育,我想找兼職做點別的事，多賺一點錢，要怎麼開始,副業、賺錢,"可以理解你現在的心情！我找到幾集 Podcast，有提到時間管理跟斜槓心態，分享給你參考：

1. 哇賽心理學：職場要斜槓還是專一？要斜到哪裡去ft.徐豫(御姊愛)_ 哇賽心觀點

2. 啟點文化：你會兼職好幾份工作嗎？如何規劃自己的職涯藍圖？

3.（頻道名稱）：（Podcast名稱）

聽聽他們的經驗，也許能讓你比較安心、少點壓力！🌟",,,
LI HSIN HSIEH,教育,我在考慮找一個副業增加收入，不知道該怎麼選？,,"你想開始副業真的是很好的想法！這裡有幾集 Podcast 提到怎麼挑選適合自己的副業，推薦給你：

1.（頻道名稱）：（Podcast名稱）

2.（頻道名稱）：（Podcast名稱）

3.（頻道名稱）：（Podcast名稱）

可以先聽聽，也許能幫你更清楚自己的方向哦！💡",,,
LI HSIN HSIEH,教育,我最近覺得目前的產業不是我想做的，想換跑道,,"這種想法其實很正常，也代表你在尋找真正想走的路！我找到幾集 Podcast 分享給你：

1.（頻道名稱）：（Podcast名稱）

2.（頻道名稱）：（Podcast名稱）

3.（頻道名稱）：（Podcast名稱）

希望能給你多一點勇氣，也更了解自己想要什麼！💪",,,
LI HSIN HSIEH,教育,最近覺得處理人際關係好難，有什麼 Podcast 可以聽嗎？,,"人際關係真的很不簡單，我懂！我這邊找到幾集 Podcast，分享給你：

1.（頻道名稱）：（Podcast名稱）

2.（頻道名稱）：（Podcast名稱）

3.（頻道名稱）：（Podcast名稱）

或許能給你一些應對靈感，也讓你在相處時更自在。🤝",,,
LI HSIN HSIEH,教育,我想多了解 ESG 或永續相關的話題，有 Podcast 推薦嗎？,,"很棒耶！現在 ESG 越來越重要，下面幾集 Podcast有提到相關的內容：

1.  大人的Small Talk：EP417 你也想要離職並成為獨立創作者嗎？機會與風險你更在意哪一個？_ VK科技閱讀時間 專訪

2.（頻道名稱）：（Podcast名稱）

3.（頻道名稱）：（Podcast名稱）

你可以聽聽看，會更了解 ESG 背後的趨勢跟概念！🌱",,,
LI HSIN HSIEH,教育,有沒有適合短時間就能聽完的知識型 Podcast？,,"當然有！以下這幾個節目都很精簡，知識點滿滿，分享給你：

1.（頻道名稱）：（Podcast名稱）

2.（頻道名稱）：（Podcast名稱）

3.（頻道名稱）：（Podcast名稱）

很適合利用零碎時間充實自己哦！⏱️",知識對應到教育,,
LI HSIN HSIEH,教育,最近想了解自媒體經營，有沒有相關 Podcast 推薦？,,"想做自媒體很棒！我找到一些聊經營心得的 Podcast 分享給你：

1.  大人的Small Talk：EP417 你也想要離職並成為獨立創作者嗎？機會與風險你更在意哪一個？_ VK科技閱讀時間 專訪

2.（頻道名稱）：（Podcast名稱）

3.（頻道名稱）：（Podcast名稱）

聽聽前輩們的經驗，能少走不少冤枉路！🎙️",,,
LI HSIN HSIEH,教育,職場人際關係好麻煩，有沒有 Podcast 推薦？,,"人際關係真的需要練習！我找到幾個節目蠻適合聽聽的：

1.（頻道名稱）：（Podcast名稱）

2.（頻道名稱）：（Podcast名稱）

3.（頻道名稱）：（Podcast名稱）

或許能幫你在人際互動上更自在、更順利！🤝",,,
JEAN CHIAO,教育,最近對生活沒有熱情，覺得每天心情都很差，有什麼方式可以調適嗎？,熱情重燃,"我剛好找到幾集蠻不錯的 Podcast，談到調節情緒和心理壓力的話題，分享給你參考：

佐編茶水間：真正的壓力來源不是工作，而是你對工作的看法

大人的 Small Talk：心理界限與拒絕術，練習為自己設立保護圈

哇賽心理學：用科學理解焦慮，學會和壓力共處

在通勤時邊聽邊放鬆，希望能幫你轉換一下心情 ☕🙂",,,
JEAN CHIAO,教育,我最近工作得不到成就感，有點想離職了，我需要一點建議,成就感、離職,"我剛好找到幾集蠻不錯的 Podcast，談到相關的話題，分享給你參考：

大人的 Small Talk：喜歡的工作不是等來的，你必須先證明自己的能力

佐編茶水間：斜槓與轉職之間，你真的想清楚了嗎？

敏迪選讀：從時事看職涯路線，打造未來的競爭力

有興趣的話可以點進去聽聽，也許能給你一些靈感或勇氣！😊",,,
JEAN CHIAO,教育,我一直在想要不要轉職，現在 35 歲了會太晚嗎？,轉職、轉職問題,"完全不會，很多人都在 30~40 歲之間重新規劃人生，推薦你幾個有共鳴的 Podcast：

大人的 Small Talk：35 歲開始，也能重啟一條嶄新的職涯路

商業思維學院：從上班族到創業者，人生轉彎不嫌晚

佐編茶水間：斜槓不是逃避，是探索自我價值的路徑

這些故事或許可以幫你釐清自己的方向，給你一些行動力！",,,
JEAN CHIAO,教育,我很想改善自己職場溝通能力，有什麼節目可以聽聽看？,商業談判,"說話是每個上班族的超重要技能，以下幾集節目有精彩分享：

大人的 Small Talk：打開話題的5種方式，讓你變得更會聊天

哇賽心理學：溝通其實是一種心理遊戲

佐編茶水間：職場說話術，說對一句話勝過做對一件事

推薦你試著聽聽看，一點一滴建立溝通自信！",溝通,,
JEAN CHIAO,教育,我想利用上下班時間多學點東西，有推薦的內容嗎？,終身學習、自主學習,"太棒了！你可以利用通勤時間充實自己，這幾個 Podcast 節目非常適合你：

敏迪選讀：每天10分鐘國際時事，快速掌握世界局勢

商業思維學院：把哈佛商業案例講給你聽，啟動你的商業腦

科技島讀：掌握未來科技與產業趨勢的洞見

讓你上下班的時光變成黃金學習時段，一起進步！",通勤的關聯詞,,
泡沫栗鼠,教育,我想創業，有什麼經驗談可以讓我參考嗎？,創業經驗,"創業是人生大事，讓我助你一臂之力！
以下集數有提到不同領域的創業經驗，你想不想參考看看呢💫
1.（頻道名稱）：（Podcast名稱）

2.（頻道名稱）：（Podcast名稱）

3.（頻道名稱）：（Podcast名稱）
希望這些內容能成為你的養分，幫助你了解更多創業的二三事！
",寫死一些範例回答,,
泡沫栗鼠,教育,"最近跟伴侶論及婚嫁了，我很猶豫要不要訂婚前契約，
可以給我相關的podcast嗎?",婚前契約,"婚前契約是保護彼此權益的好方法！以下集數有提到許多婚前最好要注意的事項：
1.（頻道名稱）：（Podcast名稱）

2.（頻道名稱）：（Podcast名稱）

3.（頻道名稱）：（Podcast名稱）
希望這些節目能幫你和伴侶了解更多有關婚前協議的詳細資訊喔🥰",寫死一些回答,,
Yu-Xin Lan,教育,我想要說書、書評頻道，能推薦給我嗎?,讀書心得,"「把閱讀變成耳邊享受，這些說書節目值得收藏：」

（頻道名稱）：（Podcast 名稱）

（頻道名稱）：（Podcast 名稱）

（頻道名稱）：（Podcast 名稱）
「讓好書陪你度過每個空檔，知識隨身走！📚」",寫死一些回答,,